{
	"BUILD_DIR" : "/home/bruno/Projetos_C/QtCreator Projects/Projeto-Cany/build-Cany-Desktop_Qt_5_12_8_GCC_64bit-Release/Cany_autogen",
	"CMAKE_BINARY_DIR" : "/home/bruno/Projetos_C/QtCreator Projects/Projeto-Cany/build-Cany-Desktop_Qt_5_12_8_GCC_64bit-Release",
	"CMAKE_CURRENT_BINARY_DIR" : "/home/bruno/Projetos_C/QtCreator Projects/Projeto-Cany/build-Cany-Desktop_Qt_5_12_8_GCC_64bit-Release",
	"CMAKE_CURRENT_SOURCE_DIR" : "/home/bruno/Projetos_C/QtCreator Projects/Projeto-Cany/Cany",
	"CMAKE_SOURCE_DIR" : "/home/bruno/Projetos_C/QtCreator Projects/Projeto-Cany/Cany",
	"INCLUDE_DIR" : "/home/bruno/Projetos_C/QtCreator Projects/Projeto-Cany/build-Cany-Desktop_Qt_5_12_8_GCC_64bit-Release/Cany_autogen/include",
	"INPUTS" : 
	[
		"/home/bruno/Projetos_C/QtCreator Projects/Projeto-Cany/Cany/icons/cany.png",
		"/home/bruno/Projetos_C/QtCreator Projects/Projeto-Cany/Cany/icons/cany_standby.png"
	],
	"LOCK_FILE" : "/home/bruno/Projetos_C/QtCreator Projects/Projeto-Cany/build-Cany-Desktop_Qt_5_12_8_GCC_64bit-Release/CMakeFiles/Cany_autogen.dir/AutoRcc_recursos_EWIEGA46WW_Lock.lock",
	"MULTI_CONFIG" : false,
	"OPTIONS" : [ "-name", "recursos" ],
	"OUTPUT_CHECKSUM" : "EWIEGA46WW",
	"OUTPUT_NAME" : "qrc_recursos.cpp",
	"RCC_EXECUTABLE" : "/home/bruno/Qt5.12.8/5.12.8/gcc_64/bin/rcc",
	"RCC_LIST_OPTIONS" : [ "--list" ],
	"SETTINGS_FILE" : "/home/bruno/Projetos_C/QtCreator Projects/Projeto-Cany/build-Cany-Desktop_Qt_5_12_8_GCC_64bit-Release/CMakeFiles/Cany_autogen.dir/AutoRcc_recursos_EWIEGA46WW_Used.txt",
	"SOURCE" : "/home/bruno/Projetos_C/QtCreator Projects/Projeto-Cany/Cany/recursos.qrc",
	"VERBOSITY" : 0
}
