{
	"BUILD_DIR" : "/home/bruno/Projetos_C/QtCreator Projects/Projeto-Cany/build-Cany-Desktop_Qt_5_12_8_GCC_64bit-Release/Cany_autogen",
	"CMAKE_BINARY_DIR" : "/home/bruno/Projetos_C/QtCreator Projects/Projeto-Cany/build-Cany-Desktop_Qt_5_12_8_GCC_64bit-Release",
	"CMAKE_CURRENT_BINARY_DIR" : "/home/bruno/Projetos_C/QtCreator Projects/Projeto-Cany/build-Cany-Desktop_Qt_5_12_8_GCC_64bit-Release",
	"CMAKE_CURRENT_SOURCE_DIR" : "/home/bruno/Projetos_C/QtCreator Projects/Projeto-Cany/Cany",
	"CMAKE_EXECUTABLE" : "/usr/bin/cmake",
	"CMAKE_SOURCE_DIR" : "/home/bruno/Projetos_C/QtCreator Projects/Projeto-Cany/Cany",
	"HEADERS" : 
	[
		[
			"/home/bruno/Projetos_C/QtCreator Projects/Projeto-Cany/Cany/gui_cany.h",
			"MU",
			"EWIEGA46WW/moc_gui_cany.cpp"
		]
	],
	"HEADER_EXTENSIONS" : [ "h", "hh", "h++", "hm", "hpp", "hxx", "in", "txx" ],
	"INCLUDE_DIR" : "/home/bruno/Projetos_C/QtCreator Projects/Projeto-Cany/build-Cany-Desktop_Qt_5_12_8_GCC_64bit-Release/Cany_autogen/include",
	"MOC_COMPILATION_FILE" : "/home/bruno/Projetos_C/QtCreator Projects/Projeto-Cany/build-Cany-Desktop_Qt_5_12_8_GCC_64bit-Release/Cany_autogen/mocs_compilation.cpp",
	"MOC_DEFINITIONS" : 
	[
		"QT_CORE_LIB",
		"QT_GUI_LIB",
		"QT_NO_DEBUG",
		"QT_SQL_LIB",
		"QT_WIDGETS_LIB"
	],
	"MOC_DEPEND_FILTERS" : 
	[
		[
			"Q_PLUGIN_METADATA",
			"[\n][ \t]*Q_PLUGIN_METADATA[ \t]*\\([^\\)]*FILE[ \t]*\"([^\"]+)\""
		]
	],
	"MOC_INCLUDES" : 
	[
		"/home/bruno/Projetos_C/QtCreator Projects/Projeto-Cany/build-Cany-Desktop_Qt_5_12_8_GCC_64bit-Release",
		"/home/bruno/Projetos_C/QtCreator Projects/Projeto-Cany/Cany",
		"/home/bruno/Qt5.12.8/5.12.8/gcc_64/include",
		"/home/bruno/Qt5.12.8/5.12.8/gcc_64/include/QtWidgets",
		"/home/bruno/Qt5.12.8/5.12.8/gcc_64/include/QtGui",
		"/home/bruno/Qt5.12.8/5.12.8/gcc_64/include/QtCore",
		"/home/bruno/Qt5.12.8/5.12.8/gcc_64/mkspecs/linux-g++",
		"/home/bruno/Qt5.12.8/5.12.8/gcc_64/include/QtSql",
		"/usr/include",
		"/usr/include/c++/9",
		"/usr/include/x86_64-linux-gnu/c++/9",
		"/usr/include/c++/9/backward",
		"/usr/lib/gcc/x86_64-linux-gnu/9/include",
		"/usr/local/include",
		"/usr/include/x86_64-linux-gnu"
	],
	"MOC_MACRO_NAMES" : [ "Q_OBJECT", "Q_GADGET", "Q_NAMESPACE" ],
	"MOC_OPTIONS" : [],
	"MOC_PATH_PREFIX" : true,
	"MOC_PREDEFS_CMD" : 
	[
		"/usr/bin/g++",
		"-dM",
		"-E",
		"-c",
		"/usr/share/cmake-3.16/Modules/CMakeCXXCompilerABI.cpp"
	],
	"MOC_PREDEFS_FILE" : "/home/bruno/Projetos_C/QtCreator Projects/Projeto-Cany/build-Cany-Desktop_Qt_5_12_8_GCC_64bit-Release/Cany_autogen/moc_predefs.h",
	"MOC_RELAXED_MODE" : false,
	"MOC_SKIP" : [],
	"MULTI_CONFIG" : false,
	"PARALLEL" : 2,
	"PARSE_CACHE_FILE" : "/home/bruno/Projetos_C/QtCreator Projects/Projeto-Cany/build-Cany-Desktop_Qt_5_12_8_GCC_64bit-Release/CMakeFiles/Cany_autogen.dir/ParseCache.txt",
	"QT_MOC_EXECUTABLE" : "/home/bruno/Qt5.12.8/5.12.8/gcc_64/bin/moc",
	"QT_UIC_EXECUTABLE" : "/home/bruno/Qt5.12.8/5.12.8/gcc_64/bin/uic",
	"QT_VERSION_MAJOR" : 5,
	"SETTINGS_FILE" : "/home/bruno/Projetos_C/QtCreator Projects/Projeto-Cany/build-Cany-Desktop_Qt_5_12_8_GCC_64bit-Release/CMakeFiles/Cany_autogen.dir/AutogenUsed.txt",
	"SOURCES" : 
	[
		[
			"/home/bruno/Projetos_C/QtCreator Projects/Projeto-Cany/Cany/gui_cany.cpp",
			"MU"
		],
		[
			"/home/bruno/Projetos_C/QtCreator Projects/Projeto-Cany/Cany/main.cpp",
			"MU"
		]
	],
	"UIC_OPTIONS" : [],
	"UIC_SEARCH_PATHS" : [],
	"UIC_SKIP" : [],
	"UIC_UI_FILES" : [],
	"VERBOSITY" : 0
}
